,mnli.acc,hans.acc
0,0.8409577177789098,0.6272
1,0.8338257768721344,0.6945333333333333
2,0.8337238920020377,0.6959333333333333
3,0.8273051451859399,0.7088
4,0.828222109016811,0.7073
