,mnli.acc,hans.acc
0,0.8409577177789098,0.6272
1,0.8368823229750382,0.6982
2,0.8336220071319409,0.7080666666666666
3,0.8289353031074885,0.7164
4,0.83015792154865,0.7162333333333334
