,fever.acc,fever-symmetric-r1.acc,fever-symmetric-r2.acc
0,0.8576572251560249,0.5662482566248257,0.6101694915254238
1,0.882561209793567,0.6373779637377964,0.6807909604519774
2,0.8630580892942871,0.6387726638772664,0.6779661016949152
3,0.85693710993759,0.6317991631799164,0.6694915254237288
4,0.858137301968315,0.6345885634588564,0.672316384180791
