,fever.acc,fever-symmetric-r1.acc,fever-symmetric-r2.acc
0,0.8576572251560249,0.5662482566248257,0.6101694915254238
1,0.8882621219395104,0.6359832635983264,0.6793785310734464
2,0.8819611137782045,0.6262203626220363,0.673728813559322
3,0.8775804128660586,0.6359832635983264,0.6836158192090396
4,0.8731397023523764,0.6290097629009763,0.6765536723163842
