,fever.acc,fever-symmetric-r1.acc,fever-symmetric-r2.acc
0,0.8576572251560249,0.5662482566248257,0.6101694915254238
1,0.7512602016322611,0.6694560669456067,0.6299435028248588
2,0.6568650984157465,0.603905160390516,0.5607344632768362
3,0.6041766682669227,0.5620641562064156,0.5268361581920904
4,0.5975756120979356,0.5495118549511855,0.518361581920904
