,fever.acc,fever-symmetric-r1.acc,fever-symmetric-r2.acc
0,0.02730436869899184,0.012552301255230125,0.009887005649717515
1,0.8569971195391263,0.5564853556485355,0.6101694915254238
2,0.8576572251560249,0.5662482566248257,0.6101694915254238
