,mnli.acc,hans.acc
0,0.8723382577687213,0.4559
1,0.8629648497198166,0.4316333333333333
2,0.8578706062149771,0.41886666666666666
3,0.8584819154355579,0.4231333333333333
4,0.8574630667345899,0.4199333333333333
