,mnli.acc,hans.acc
0,0.8723382577687213,0.4559
1,0.8688741721854305,0.43653333333333333
2,0.8631686194600102,0.42323333333333335
3,0.862761079979623,0.42236666666666667
4,0.8634742740703005,0.4240333333333333
