,mnli.acc,hans.acc
0,0.8723382577687213,0.4559
1,0.8643912379011717,0.4345333333333333
2,0.8577687213448802,0.427
3,0.8584819154355579,0.4232
4,0.8577687213448802,0.41923333333333335
