,mnli.acc,hans.acc
0,0.8409577177789098,0.6272
1,0.8353540499235863,0.6758666666666666
2,0.8308711156393276,0.6913
3,0.8302598064187469,0.6897333333333333
4,0.8293428425878757,0.6901333333333334
